pos,denv,zikv,denv_conserved,zika_divergent,is_hotspot
261,F/H/H/A,R,False,False,False
262,T,T,True,False,False
263,Q,Q,True,False,False
264,T/I/T/T,V,False,False,False
265,A/T/A/V,K,False,False,False
266,G,G,True,False,False
267,P,P,True,False,False
268,W,W,True,False,False
269,H,H,True,False,True
270,L,S,True,True,False
271,G,E,True,True,False
272,K,E,True,True,True
273,L,L,True,False,False
274,E,E,True,False,True
275,L/M/L/I,I,False,False,False
276,D,R,True,True,False
277,F,F,True,False,False
278,D/D/N/G,E,False,False,False
279,L/F/Y/E,E,False,False,False
280,C,C,True,False,False
281,E/D/E/P,P,False,False,False
282,G,G,True,False,False
283,T,T,True,False,False
284,T,K,True,True,False
285,V,V,True,False,False
286,V/V/V/T,Y,False,False,False
287,V/V/I/I,V,False,False,False
288,D/T/T/Q,E,False,False,False
289,E,E,True,False,False
290,H/D/S/D,T,False,False,False
291,C,C,True,False,False
292,G/G/G/D,G,False,False,False
293,N/N/T/H,T,False,False,False
294,R,R,True,False,True
295,G,G,True,False,False
296,P,P,True,False,True
297,S,S,True,False,False
298,L,L,True,False,False
299,R,R,True,False,False
300,T,S,True,True,False
301,T,T,True,False,False
302,T,T,True,False,False
303,V/A/V/A,A,False,False,False
304,T/S/S/S,S,False,False,False
305,G,G,True,False,False
