position,is_hotspot,conserved_among_DENV1-4_refs,used_campaign_target_residue,used_target_matches_all_DENV1-4_refs,DENV1,DENV2,DENV3,DENV4
261,False,False,H,False,F,H,H,A
262,False,True,T,True,T,T,T,T
263,False,True,Q,True,Q,Q,Q,Q
264,False,False,T,False,T,I,T,T
265,False,False,A,False,A,T,A,V
266,False,True,G,True,G,G,G,G
267,False,True,P,True,P,P,P,P
268,False,True,W,True,W,W,W,W
269,True,True,H,True,H,H,H,H
270,False,True,L,True,L,L,L,L
271,False,True,G,True,G,G,G,G
272,True,True,R,False,K,K,K,K
273,False,True,L,True,L,L,L,L
274,True,True,E,True,E,E,E,E
275,False,False,M,False,L,M,L,I
276,False,True,D,True,D,D,D,D
277,False,True,F,True,F,F,F,F
278,False,False,D,False,D,D,N,G
279,False,False,F,False,L,F,Y,E
280,False,True,C,True,C,C,C,C
281,False,False,E,False,E,D,E,P
282,False,True,G,True,G,G,G,G
283,False,True,T,True,T,T,T,T
284,False,True,T,True,T,T,T,T
285,False,True,V,True,V,V,V,V
286,False,False,V,False,V,V,V,T
287,False,False,V,False,V,V,I,I
288,False,False,T,False,D,T,T,Q
289,False,True,E,True,E,E,E,E
290,False,False,D,False,H,D,S,D
291,False,True,C,True,C,C,C,C
292,False,False,G,False,G,G,G,D
293,False,False,N,False,N,N,T,H
294,True,True,R,True,R,R,R,R
295,False,True,G,True,G,G,G,G
296,True,True,P,True,P,P,P,P
297,False,True,S,True,S,S,S,S
298,False,True,L,True,L,L,L,L
299,False,True,R,True,R,R,R,R
300,False,True,T,True,T,T,T,T
301,False,True,T,True,T,T,T,T
302,False,True,T,True,T,T,T,T
303,False,False,A,False,V,A,V,A
304,False,False,S,False,T,S,S,S
305,False,True,G,True,G,G,G,G
