design,campaign,seed,iptm,epitope_contacts_261_305,hotspots_engaged,overlap_2B7_of_20,total_contacts,on_epitope,all_contacts
onepi_pd_15_dldesign_0,onepi,1,0.2703,0,,0,11,False,85;87;89;124;125;126;127;128;129;130;132
onepi_pd_15_dldesign_0,onepi,2,0.8004,0,,0,17,False,2;3;4;5;6;8;11;12;13;28;29;160;161;162;163;164;165
onepi_pd_15_dldesign_0,onepi,3,0.6122,0,,0,21,False,35;36;37;38;39;71;74;113;115;116;118;119;120;123;159;160;161;162;163;166;168
onepi_pd_15_dldesign_0,onepi,4,0.6617,11,269;272;296,14,31,True,62;66;69;92;93;94;95;138;139;140;141;269;270;272;296;297;298;299;302;303;304;305;326;327;330;336;342;343;344;345;346
onepi_pd_15_dldesign_0,onepi,5,0.5429,0,,0,20,False,35;36;37;39;71;74;113;115;116;118;119;120;122;123;161;162;163;164;166;168
onepi_pd_16_dldesign_0,onepi,1,0.2045,5,269,9,11,True,92;93;269;270;299;303;304;326;327;330;346
onepi_pd_16_dldesign_0,onepi,2,0.5161,7,272,9,14,True,92;94;138;272;299;301;302;303;304;305;306;326;327;328
onepi_pd_16_dldesign_0,onepi,3,0.1385,6,269,10,13,True,92;137;138;269;299;301;302;303;305;326;327;330;346
onepi_pd_16_dldesign_0,onepi,4,0.552,0,,0,19,False,4;5;6;8;11;13;21;22;23;26;27;28;29;31;162;192;201;203;214
onepi_pd_16_dldesign_0,onepi,5,0.3075,6,269,10,13,True,94;138;139;269;270;299;301;303;304;327;330;345;346
onepi_pd_20_dldesign_1,onepi,1,0.4758,0,,0,17,False,37;38;39;40;74;113;114;115;116;118;120;122;157;160;162;166;168
onepi_pd_20_dldesign_1,onepi,2,0.7727,0,,0,22,False,35;36;37;38;39;41;110;113;114;115;118;119;120;121;157;160;161;162;163;164;166;168
onepi_pd_20_dldesign_1,onepi,3,0.5107,0,,0,21,False,33;35;36;37;38;39;40;70;71;74;110;113;114;115;118;119;157;160;164;166;168
onepi_pd_20_dldesign_1,onepi,4,0.446,8,272,11,18,True,92;94;137;138;270;272;281;299;302;303;304;305;324;326;327;328;329;346
onepi_pd_20_dldesign_1,onepi,5,0.7509,0,,0,21,False,35;36;37;39;71;74;113;114;115;116;118;119;120;122;157;160;161;162;163;166;168
onepi_pd_30_dldesign_1,onepi,1,0.5757,0,,0,20,False,35;37;38;39;74;113;114;115;117;118;119;157;158;159;160;161;162;163;166;168
onepi_pd_30_dldesign_1,onepi,2,0.7669,0,,0,25,False,35;36;37;38;39;40;41;74;110;113;114;115;116;117;118;119;122;157;159;160;161;162;163;166;168
onepi_pd_30_dldesign_1,onepi,3,0.7005,0,,0,17,False,2;3;4;5;6;8;11;12;13;15;20;22;26;27;28;29;192
onepi_pd_30_dldesign_1,onepi,4,0.6636,0,,0,20,False,2;3;4;6;13;15;16;17;18;19;20;22;158;160;161;162;163;164;165;189
onepi_pd_30_dldesign_1,onepi,5,0.5343,6,274,8,19,True,26;27;28;29;30;62;274;281;300;301;304;305;306;307;324;326;327;328;329
onepi_pd_5_dldesign_0,onepi,1,0.5863,0,,0,17,False,33;35;73;74;77;115;118;119;120;121;123;124;161;162;163;164;166
onepi_pd_5_dldesign_0,onepi,2,0.6141,0,,0,22,False,33;34;35;70;71;73;74;110;113;114;115;118;120;124;157;158;159;160;161;162;166;168
onepi_pd_5_dldesign_0,onepi,3,0.488,0,,0,28,False,33;34;35;37;38;39;40;41;67;70;71;73;74;111;112;113;114;115;116;117;118;120;122;156;158;159;166;168
onepi_pd_5_dldesign_0,onepi,4,0.1323,7,272,9,12,True,28;272;281;299;301;303;304;305;306;326;327;328
onepi_pd_5_dldesign_0,onepi,5,0.205,6,,9,10,True,281;299;301;303;304;305;306;326;327;328
onepi_pd_5_dldesign_1,onepi,1,0.3834,6,269;272,7,18,True,62;92;93;94;95;138;218;219;269;270;271;272;299;303;325;326;327;346
onepi_pd_5_dldesign_1,onepi,2,0.4627,7,269,12,16,True,92;138;269;270;299;302;303;304;305;306;327;340;343;344;345;346
onepi_pd_5_dldesign_1,onepi,3,0.1653,5,269,9,16,True,69;92;95;126;138;140;269;270;299;303;304;325;326;327;328;346
onepi_pd_5_dldesign_1,onepi,4,0.5668,8,,12,13,True,28;281;282;299;301;302;303;304;305;307;326;327;328
onepi_pd_5_dldesign_1,onepi,5,0.3186,5,,8,9,True,299;302;303;304;305;306;326;327;346
onepi_pd_7_dldesign_1,onepi,1,0.5838,0,,0,13,False,89;90;121;122;123;124;125;126;127;128;129;130;132
onepi_pd_7_dldesign_1,onepi,2,0.3961,0,,0,25,False,33;35;36;37;38;39;70;71;74;110;112;113;115;118;119;120;121;123;157;158;160;161;162;166;168
onepi_pd_7_dldesign_1,onepi,3,0.5394,0,,0,22,False,33;35;36;37;38;39;40;41;70;71;74;110;111;113;115;118;119;157;160;161;162;168
onepi_pd_7_dldesign_1,onepi,4,0.5282,7,269,11,18,True,92;94;138;139;140;269;270;299;301;303;304;305;306;326;327;328;329;346
onepi_pd_7_dldesign_1,onepi,5,0.3405,0,,0,29,False,33;35;36;37;38;39;40;70;71;74;77;78;110;111;112;113;114;115;116;117;118;119;120;124;157;160;162;166;168
seed5_pd_11_dldesign_0,seed5,1,0.8001,0,,0,22,False,33;35;69;70;72;73;74;76;88;89;90;91;92;113;115;118;119;121;122;123;125;126
seed5_pd_11_dldesign_0,seed5,2,0.7563,0,,0,25,False,33;35;69;70;72;73;74;76;89;90;91;92;113;115;116;118;119;120;122;123;124;125;126;128;163
seed5_pd_11_dldesign_0,seed5,3,0.389,0,,0,37,False,3;4;5;6;8;10;11;13;15;20;22;23;24;26;27;28;29;30;31;32;158;160;161;162;163;165;183;184;185;189;190;192;196;197;198;201;203
seed5_pd_11_dldesign_0,seed5,4,0.886,0,,0,27,False,33;35;66;69;70;71;72;73;74;76;87;89;90;91;113;115;116;118;119;120;123;124;125;126;128;139;163
seed5_pd_11_dldesign_0,seed5,5,0.7339,7,,10,12,True,281;299;300;301;303;304;305;326;327;328;329;346
seed5_pd_15_dldesign_1,seed5,1,0.6713,0,,0,22,False,35;36;37;38;39;74;113;115;116;118;119;120;122;123;157;158;160;161;162;163;166;168
seed5_pd_15_dldesign_1,seed5,2,0.7134,0,,0,23,False,35;36;37;38;39;74;78;113;115;116;118;119;120;122;123;157;158;160;161;162;163;166;168
seed5_pd_15_dldesign_1,seed5,3,0.7032,0,,0,23,False,33;35;36;37;38;39;74;113;114;115;116;118;119;120;122;123;157;160;161;162;163;166;168
seed5_pd_15_dldesign_1,seed5,4,0.7406,0,,0,22,False,33;35;37;38;39;40;74;113;115;116;118;119;120;122;123;157;160;161;162;163;166;168
seed5_pd_15_dldesign_1,seed5,5,0.5449,0,,0,26,False,8;9;11;33;35;37;38;39;70;74;113;114;115;116;118;119;122;123;157;160;161;162;163;164;166;168
seed5_pd_18_dldesign_1,seed5,1,0.469,0,,0,19,False,36;37;38;39;74;113;115;116;118;119;120;123;157;160;161;162;163;166;168
seed5_pd_18_dldesign_1,seed5,2,0.4834,0,,0,21,False,36;37;38;39;74;113;115;116;118;119;120;156;157;158;159;160;161;162;163;166;168
seed5_pd_18_dldesign_1,seed5,3,0.5414,0,,0,15,False,36;37;113;115;116;117;118;119;120;122;123;124;160;162;168
seed5_pd_18_dldesign_1,seed5,4,0.5574,0,,0,20,False,35;36;37;38;39;74;113;115;116;118;119;123;157;159;160;161;162;163;166;168
seed5_pd_18_dldesign_1,seed5,5,0.4105,7,,12,14,True,28;281;282;299;302;303;304;305;306;307;326;327;330;346
