position,in_planned_EP2,DENV1,DENV2,DENV3,DENV4,ZIKV,conserved_DENV1-4,zika_divergent,discriminating,dimer_occluded
35,no,Q,Q,Q,Q,H,YES,YES,YES,no
37,no,D,E,D,E,D,no,no,no,no
38,no,S,S,S,S,S,YES,no,no,no
39,no,P,P,P,P,P,YES,no,no,no
74,yes,E,E,E,E,E,YES,no,no,no
113,yes,Y,Y,Y,Y,H,YES,YES,YES,no
115,yes,W,W,W,W,W,YES,no,no,no
116,no,K,K,K,K,K,YES,no,no,no
118,yes,W,W,W,W,W,YES,no,no,no
119,yes,G,G,G,G,G,YES,no,no,no
122,yes,K,K,K,K,Y,YES,YES,YES,no
123,yes,I,M,I,I,F,no,no,no,no
157,no,D,D,D,D,D,YES,no,no,no
160,no,F,F,F,F,F,YES,no,no,yes
161,no,G,G,G,G,G,YES,no,no,no
162,no,I,V,V,M,V,no,no,no,no
163,no,F,F,F,F,F,YES,no,no,no
166,no,N,N,N,N,S,YES,YES,YES,no
168,no,W,W,W,W,W,YES,no,no,no
