saved_as,original_filename,artifact_id,version_id,content_type,size_bytes
table_index.md,table_index.md,e28d3606-adaa-4fc4-96b4-4d152dd7aa6b,c61c4f22-390b-4d88-81f9-72973062fc3c,text/markdown,1909
Non Trivial Fellowship Report - v3.docx,Non Trivial Fellowship Report - v3.docx,08298a58-ef1d-4676-8ff7-9523588fb588,62dc6269-8412-4bef-a4a0-5e6685c59ea7,application/vnd.openxmlformats-officedocument.wordprocessingml.document,2548489
data_verification.md,data_verification.md,f4f68b4d-79fc-4512-a31a-2849968a2065,a79e05de-2d70-49e1-a782-f45eee9cbb8e,text/markdown,3840
Non Trivial Fellowship Report - submission.docx,Non Trivial Fellowship Report - submission.docx,2f36b36d-05ea-4f28-a525-efe349271730,6415b1ef-9286-441f-bf3d-3b18c789f3f5,application/vnd.openxmlformats-officedocument.wordprocessingml.document,2546591
Non Trivial Fellowship Report - final.docx,Non Trivial Fellowship Report - final.docx,7215f236-3658-466e-962f-c44fc2a14184,7520e732-7625-45fe-830f-ee08cfcc685e,application/vnd.openxmlformats-officedocument.wordprocessingml.document,2546485
Appendix_dengue_NS1_report__d997df3f.docx,Appendix_dengue_NS1_report.docx,d997df3f-3c95-4a39-b721-b8c8fad70e91,a30ffd4c-7fc5-4b09-8842-c18681e86eba,application/vnd.openxmlformats-officedocument.wordprocessingml.document,74006
fig_published_antibodies.png,fig_published_antibodies.png,b66c4351-89a8-4e5c-a2e4-53113e8845f1,309ee969-f9c7-4d0c-bf77-05cb1c3b7894,image/png,193659
fig_conservation_planned_vs_realised.png,fig_conservation_planned_vs_realised.png,1ffe1c47-d723-4864-a2f9-73a570099138,8130f85c-dbd3-4cf6-bc69-36fc2cd84a92,image/png,165451
deck_changes.md,deck_changes.md,adf85f3a-0271-4ee3-8942-6eb3c34b9bc5,fc48446d-493f-4209-91ac-c9e52eef6a14,text/markdown,4173
Pitch Deck.pdf,Pitch Deck.pdf,c42a6c63-86e2-47d2-b09d-95b4b71854a2,5373693e-791e-45d4-a0dc-319dc89253e6,application/pdf,85419325
change_log.md,change_log.md,016b2581-68a1-4609-ac27-35672896a39d,8c9dabdb-d311-4e55-9fad-5b3b94684d65,text/markdown,5620
Non Trivial Fellowship Report - edited.docx,Non Trivial Fellowship Report - edited.docx,c9a96228-fa61-4756-9619-a08d0ef12ddb,c91e1513-8282-49cd-a0c6-63925a76285e,application/vnd.openxmlformats-officedocument.wordprocessingml.document,2505786
Non Trivial Fellowship Report- Kaeyura and Rabaani-2.docx,Non Trivial Fellowship Report- Kaeyura and Rabaani-2.docx,d396c327-d8cd-439f-8283-013d0be3cb55,b2cea7db-27de-439b-96db-23f75b923970,application/vnd.openxmlformats-officedocument.wordprocessingml.document,1892070
review_response_2.md,review_response_2.md,3867e827-91da-4b9d-8e00-5db396b26076,bbfdbfae-eb8d-44df-8732-e21646446489,text/markdown,5488
fix_21_para.txt,fix_21_para.txt,8aed7b2e-526f-4861-8c7b-c5a4f14e1f2c,f5da8d6f-d1c4-4064-aff3-5680a51e0d1e,text/plain,986
review_response.md,review_response.md,f4a55e2a-5cae-4224-866d-e053cce44750,bd6f3e6d-2872-4248-bd0b-f84971101b03,text/markdown,4258
Non Trivial Fellowship Report- Kaeyura and Rabaani.docx,Non Trivial Fellowship Report- Kaeyura and Rabaani.docx,705cb448-d4ee-43ac-b830-fcd8df2d8c29,78175731-1e3d-4552-adfb-db0bb3c8285c,application/vnd.openxmlformats-officedocument.wordprocessingml.document,1892310
fig12_triangle.png,fig12_triangle.png,82ede67a-c01b-4646-86d6-f2dccfd2721a,3586567a-5f8e-4088-a6bb-e1881ee8f7b8,image/png,179396
fig13_triangle.png,fig13_triangle.png,91d1f41e-be00-49f8-90ae-47a15463b2b2,c70a2a2b-2cd9-482b-8da9-c151579d2394,image/png,211646
flow_realism_fixes.md,flow_realism_fixes.md,4b5f641e-f1a3-4af8-870b-beb3336ae2db,1f431f0d-f32e-44ae-bb1e-8ac5d27fb1e6,text/markdown,7675
fig_ns1_kinetics.png,fig_ns1_kinetics.png,ad994dfa-7944-4a4e-9705-fbb5566b6079,31a5c5a2-3ee1-4cbe-bbf4-88dc5dc98fee,image/png,71357
dengue_NS1_report_draft-2__7ce0c29e.docx,dengue_NS1_report_draft-2.docx,7ce0c29e-9272-4e0e-81b0-17399f02d891,f269be5b-cdb0-4cbe-ac8d-4c874a8bc646,application/vnd.openxmlformats-officedocument.wordprocessingml.document,1698071
dengue_video_deck.pptx,dengue_video_deck.pptx,681cf8ed-57f4-4341-b5c4-34b7ba38e67e,040a4578-bf93-4e7d-88cf-860708f687c7,application/vnd.openxmlformats-officedocument.presentationml.presentation,3404661
fig_target_epitope.png,fig_target_epitope.png,f7e05081-1f58-4837-82f7-644123dffad8,c70bc108-214f-48f2-aba0-deea55f75764,image/png,624799
Appendix_dengue_NS1_report__c043da15.docx,Appendix_dengue_NS1_report.docx,c043da15-bd58-439e-8747-61cabb4639b3,eae797bd-a6e9-48b3-8910-451356d25452,application/vnd.openxmlformats-officedocument.wordprocessingml.document,58448
appendix.md,appendix.md,1b7d0d43-a18b-4735-b9b7-b66b6afa7c63,a15fffcb-d896-4c53-92d9-a9892a8cb6f5,text/markdown,38341
references_and_citations.md,references_and_citations.md,87849539-91ac-40e9-b186-6d62c4cc6b5b,b75505cf-4b58-4a8c-a13c-5510bb3ee04b,text/markdown,10995
draft_review.md,draft_review.md,754fd767-d76c-456d-96b6-99f38dbba4b7,ac0b6754-0ea4-4d19-8cbc-a19dd4736314,text/markdown,6803
dengue_NS1_report_draft-2__afa73595.docx,dengue_NS1_report_draft-2.docx,afa73595-89c9-46f5-9f29-051167e6ace4,a38e7d56-7c66-4798-9584-d63d384e5751,application/vnd.openxmlformats-officedocument.wordprocessingml.document,1698403
conclusion_section_draft.md,conclusion_section_draft.md,2c1226c6-e15d-4e1f-9454-402433680599,811270b3-1cbb-4ffc-be40-7e540a82c5d7,text/markdown,2750
introduction_section_draft.md,introduction_section_draft.md,c018c953-8d4c-4433-ac71-1353d0100f10,3e73e546-8fab-4c36-972f-c5c056b5cc8f,text/markdown,6830
writing_guidance_notes.md,writing_guidance_notes.md,7e5beff0-38d5-4d73-a31a-7da34b5bf827,77b517c8-2de8-496a-9b09-eed861e1b7f3,text/markdown,4253
fig19_theory_of_change_chain.png,fig19_theory_of_change_chain.png,dd1b85a9-c6b4-4438-8198-01c409b2bc71,38e50522-70ab-4de3-9a6f-fab9c01c22da,image/png,96512
video_deck.md,video_deck.md,8f87d7d5-34da-4b30-91ba-1667fea381ca,fa12527c-d4b8-4358-8b63-fcd77dd96cbe,text/markdown,13754
literature_review_section_draft.md,literature_review_section_draft.md,0eb0fe81-95d9-4b56-b289-0a63e3474495,dfebab6e-a592-4a71-98ee-52c8e6a83e42,text/markdown,8508
proposed_test_section_draft.md,proposed_test_section_draft.md,0aab3533-af21-4b67-b418-6cc90b7de823,990555b2-d8fa-4d9f-b768-7687f87dcb97,text/markdown,8578
revised_report_outline__da01ff03.md,revised_report_outline.md,da01ff03-c42a-4191-a965-ffe6658227e1,1e521c79-396d-4156-bc10-c5831f12e69b,text/markdown,38041
theory_of_change_section_draft.md,theory_of_change_section_draft.md,756961ba-7e5e-4f40-9eeb-4c488ef830a4,cf1dae25-3b91-41fb-a4e8-1529efac695b,text/markdown,5663
discussion_section_draft.md,discussion_section_draft.md,2aa64861-61ce-4ff7-a987-71d4da19dce2,b608cc87-cc14-477c-bcd6-391d2de841fa,text/markdown,9332
design_shortlist_table.csv,design_shortlist_table.csv,9970811e-d7db-4a5e-8570-1a52c61e011e,748a42ba-d98f-4ebb-b835-89edfd74f1a0,text/csv,763
design_label_map.csv,design_label_map.csv,147318cd-cf96-4e11-b040-2a16f57da99a,6812eca2-9c7a-4404-8469-cd8f9c6c2b96,text/csv,727
word_gap_analysis.md,word_gap_analysis.md,68eec50e-4eea-4cdc-9fe9-1d4a93c867b4,f34a2651-7a75-4162-a15b-6ff60319947a,text/markdown,6280
dengue_NS1_report_draft.docx,dengue_NS1_report_draft.docx,61705a6a-3ac6-4724-b5e5-89fa92c458cb,476914b6-fc0c-4ead-be37-2b29f5168e66,application/vnd.openxmlformats-officedocument.wordprocessingml.document,1669822
presentation_handoff_prompt.md,presentation_handoff_prompt.md,2d555a5d-1600-46e8-89e6-904420585e1f,fc1d9c8b-6441-4549-9e7a-322a1e93e72d,text/markdown,8073
rubric_fit_assessment.md,rubric_fit_assessment.md,58bdf6f7-5c0c-4a3a-9732-cd29c983809c,d9f64906-28c1-4aac-97dc-9f884fedd550,text/markdown,7658
methodology_section_draft.md,methodology_section_draft.md,517bbb77-835d-4902-98a6-4874b73edb6d,65c498d6-b899-430a-8598-6d2273b31a0c,text/markdown,14941
results_section_draft.md,results_section_draft.md,0f695aed-af55-4e93-9374-b97c8c1bb9f4,d788ad76-366a-4699-be16-47988544338f,text/markdown,15279
outline_rubric_assessment.md,outline_rubric_assessment.md,ed010a1e-b543-49f4-bd63-4fc95b6e2025,9d9f7778-30fd-4ed9-bdb7-83db81234da5,text/markdown,6045
writing_plan.md,writing_plan.md,19f23870-1dba-4061-b9c6-f27bb23d6203,1dd49556-a321-47f4-8b56-27633fd9c4ee,text/markdown,8883
project_summary.md,project_summary.md,e5f87fb3-9b7d-4cb7-9595-77cd934d933a,c4477bf1-154c-426f-a139-89029456f242,text/markdown,5249
title_options.md,title_options.md,63d92e7d-238d-42b2-b7e4-19dee45e0a75,b04a18b0-da44-4714-b16e-f266312fc39d,text/markdown,8809
demo_day_landscape.md,demo_day_landscape.md,1f6a6e1d-1432-484f-ab10-da22d679a02d,e1f31a0f-e457-4c54-a47b-99f486c46301,text/markdown,8624
demo_day_landscape.tsv,demo_day_landscape.tsv,c9e9ee1a-8057-4b98-b63c-c1d22becdf47,bad0eab7-16a3-4698-acd3-d9e07a6f8437,text/tab-separated-values,9541
reply_to_pooja.md,reply_to_pooja.md,e0fb71ea-6c44-4ceb-8f1b-9dc5531b1a69,0d0c315d-0563-4ca3-9eeb-24b4a9c048f0,text/markdown,3628
positioning_ai_biosecurity.md,positioning_ai_biosecurity.md,fe80fbe1-8b33-4bfe-8825-c8f237671f1a,766a9801-9ee8-4aa1-8eb0-02e3be7cab91,text/markdown,9373
the_hook.md,the_hook.md,4941aa1b-7271-43bd-ab99-8a20343d2960,4430206c-7eaa-4795-b594-6e0b7cf16dfa,text/markdown,15614
fig18_the_inverted_gate.png,fig18_the_inverted_gate.png,07e89282-2342-4a12-ad1b-0a0b1aa1ee4e,307cdc91-7492-4bc2-95c0-dd9f29a8688b,image/png,149402
differentiator.md,differentiator.md,6efe7b15-4891-481e-aa84-67961e054e37,da5b7013-4ca4-4e3a-9c48-139d764e1667,text/markdown,7030
counterfactual_shortlist.csv,counterfactual_shortlist.csv,8012691d-ac2e-45e5-ac4c-b5bc7526f6cf,5d5d0144-4cc6-4205-b6b0-65a87affc0bf,text/csv,592
fig17_counterfactual_shortlist.png,fig17_counterfactual_shortlist.png,9729b4f9-3467-4f46-aaa0-1fa8d04fe0fd,6506ab9a-0ac5-4a9c-9296-a93fcd234cfe,image/png,175091
proposed_test_design.md,proposed_test_design.md,6adcbcd1-2ba0-47c7-bf56-ad6f10ad650c,a98cc17c-6909-4eda-aeb8-2654e44730d6,text/markdown,10620
project_name_options.md,project_name_options.md,7fa6690a-c6c1-4a78-b480-e5edf743e824,9770a1c6-9ed3-4615-9cba-9bcddbc2c902,text/markdown,4647
provisional_TPP.md,provisional_TPP.md,1ea3706a-45f4-4280-bfe1-669eb5bf69d8,6824faa6-5861-4466-9967-93dcc1867820,text/markdown,8881
deliverables_inventory.md,deliverables_inventory.md,25b9836b-aeb3-4893-9ec5-bd376dd8bd18,d89c362f-c26a-46ba-98f2-739c0a0b09d7,text/markdown,11339
artifact_inventory.tsv,artifact_inventory.tsv,d4b15033-67e0-43b7-9871-7cf299561405,cdb8746e-d89c-4646-a1c6-8e80a993d090,text/tab-separated-values,18615
theory_of_change.md,theory_of_change.md,47a62229-ec13-42e2-8a5c-976b365fe632,15898c8e-5258-4a87-8cea-91addbf054bf,text/markdown,16525
report.md,report.md,a490fa45-5849-400a-8a41-d023616e56d7,7fdaa97f-ce9c-4b97-a2a9-57dda4fe4c40,text/markdown,20225
README__50c34a8d.md,README.md,50c34a8d-7f23-4f41-8a7a-a3600da96286,7671d416-8403-475e-8f8c-be5bc718f7c4,text/markdown,12105
score_epitope_fidelity.py,score_epitope_fidelity.py,eb82c702-82e5-4517-9a19-f6962b3d191a,0cd7d22c-5c0d-42e7-b5b2-e19e8df61001,text/x-python,7869
ranked_binders.csv,ranked_binders.csv,65dec57e-92c7-4b45-a6c3-4b89a71ccbb6,e4c98890-58b3-4a77-9af5-98b9cbe3da9c,text/csv,3402
ns1_benchmark.tar.gz,ns1_benchmark.tar.gz,3da0eacc-f54a-46d4-a288-1757f15e06a0,fda0c2c1-18bd-42d6-a435-d9c9b2ea9a81,application/gzip,1173873
rubric_coverage_matrix.md,rubric_coverage_matrix.md,afa42c12-039c-466d-8b8f-c3b44e6d85fd,766f6b6d-76e3-4888-ae38-d1cedd858d67,text/markdown,5302
revised_report_outline__65a57709.md,revised_report_outline.md,65a57709-0fef-428f-9dce-275b8f59628a,bb143923-ca03-49b2-93e9-f617d45a8a6a,text/markdown,38041
fig16_second_arm.png,fig16_second_arm.png,dec03150-09d0-45cd-aee6-cb97c799dc5e,c2b5dbb2-a46a-4c80-a0ff-3c54e94774dc,image/png,152898
fig15_directionB_rederivation.png,fig15_directionB_rederivation.png,21501620-200e-4a6c-8e59-480f097a07e8,ac4d3c45-ecd5-4e91-aded-a17b2d40cc34,image/png,172550
fig14_rescue_campaign.png,fig14_rescue_campaign.png,2453b4af-fc60-4449-87ac-b60fefec27e9,b21de07e-ff07-44eb-8c7f-e01435dc642d,image/png,134458
Non Trivial Report PDF final.pdf,Non Trivial Report PDF final.pdf,7e1368cf-d8a4-490c-a177-829682adc4a2,fa6a7978-77cd-471f-8ef7-01a38dba22e0,application/pdf,3149007
Report_ Evaluating the Robustness of SHAP in Judicial Models – Anna Deng and Mija Reddy-2.pdf,Report_ Evaluating the Robustness of SHAP in Judicial Models – Anna Deng and Mija Reddy-2.pdf,9af6d85a-4312-414c-a38b-151fa5ac7184,70e9b15c-1d00-4a4a-889f-667b922d16a5,application/pdf,5508483
Project_ Developing the First Mechanistic Forecast for Future Dengue Prevalence-2.pdf,Project_ Developing the First Mechanistic Forecast for Future Dengue Prevalence-2.pdf,a46fc008-7eeb-4943-993c-fdd460707d9b,b96aac92-c0a7-4078-972d-0410efd9cad0,application/pdf,1849979
methods.md,methods.md,1c857ec7-9c2e-4adc-9c23-b6cae0e3f909,d111bc3a-4bf6-480e-acb5-bc47c3e7bfba,text/markdown,10521
plan_assemble-the-dengue-ns1-binder-switch-re_8d9448e6.json,plan_assemble-the-dengue-ns1-binder-switch-re_8d9448e6.json,4dd2315b-1d09-47e4-b6aa-4815fd6c1c29,277fb47f-eeed-4fbc-98c3-b26bfb145a80,application/json,5341
report_handoff_prompt.md,report_handoff_prompt.md,871b11a2-5dbb-4293-8d7e-b9b7317b38f7,cf91252c-5da9-4171-b9d1-01842d718d1b,text/markdown,12834
switch_design_spec.md,switch_design_spec.md,b0eca503-8845-4c2e-bd24-44b7fa276736,7fd92688-7a3f-43c0-83b9-5bdab003c57b,text/markdown,6951
fig13_switch_geometry.png,fig13_switch_geometry.png,374ebcfd-6494-426e-afd0-6a58dd7adf8e,642acadf-a508-462c-a538-3e49d23dad5b,image/png,207142
switch_geometry_measurements.csv,switch_geometry_measurements.csv,059fe5b9-cec8-4cb5-80e6-df7ab529689b,5a11214a-4a48-4fdd-9f1e-7db6fc79c764,text/csv,928
second_arm_finding.md,second_arm_finding.md,35ea5c4d-e698-4754-955d-e2c748cbef4c,ae4f4ce4-27db-4814-91c2-4637a42da6d3,text/markdown,4696
second_arm_conservation.csv,second_arm_conservation.csv,a132a6ae-dd0c-4c65-9d0b-009acc20b993,ac010d6c-c2a6-442a-9769-8a973f16c9ef,text/csv,714
rescue_finding.md,rescue_finding.md,7b7c7a21-aae0-44cf-9b4e-38c71034432a,4e3c26a2-d1e1-4aeb-a31c-f33d0ad01224,text/markdown,5029
direction_b_tractability.md,direction_b_tractability.md,3ac7cbed-4fd3-40e3-acfc-55a74231ac69,6a727f26-10de-48f1-b0af-8a01b0206b65,text/markdown,6353
direction_b_burial.csv,direction_b_burial.csv,dc9263cd-55b4-4b6b-ac32-65479aa95033,5f6d21f2-3123-4451-903d-77c0756fff92,text/csv,1799
rescue_summary.csv,rescue_summary.csv,2ccc945d-fd89-4216-a3fd-c07a594eef8d,71422542-88e8-490a-9298-fe3f47032917,text/csv,1187
rescue_results.csv,rescue_results.csv,04d60ee3-e73c-43c3-81b6-0edf6ce8ad0d,e75bdb3d-b5ea-47a0-8278-1127cd308abb,text/csv,6314
fig12_ternary_validation.png,fig12_ternary_validation.png,f1e611b6-fe16-4701-8184-3425767ddfbe,09942e79-5dba-4142-825a-ce20bf9dace5,image/png,173202
ternary_finding.md,ternary_finding.md,14aa5449-c767-4a09-864e-451dd39902fa,222d748e-f9ff-4c8a-9312-0d329f3fe85f,text/markdown,5705
ternary_results.csv,ternary_results.csv,17fbadf6-88ff-4e8a-a9a2-786355538875,48af06be-f6d9-40fc-a744-6259ea7273d3,text/csv,2355
ctrl_3g2.yaml,ctrl_3g2.yaml,d9eb0f89-562c-4ec0-8d19-aef2dddfeda4,35355064-a632-49bd-abe1-0c1fc11a97f5,text/yaml,716
tern_full.yaml,tern_full.yaml,7eb33d80-88c1-4bde-872f-3c6852f267b8,7f378d9a-2616-4a75-9a5a-2cabc9688ea3,text/yaml,876
run_ternary.sh,run_ternary.sh,b55d915e-2426-4cde-bbfb-6aa8ebaa2f2b,0170d880-8cdd-4ae6-902d-274dedb1a3d3,text/x-sh,1098
run_rescue.sh,run_rescue.sh,09197f94-f9f8-4884-9924-821f4b76d11d,5c19babf-d725-4848-a139-8b376118209e,text/x-sh,1380
binders.fasta,binders.fasta,eb031f91-5ef7-4817-989c-bee5762a9030,b3e213e2-4459-4483-95f3-d2ac87090be8,text/plain,1427
charge_variant_results.csv,charge_variant_results.csv,8389bf98-6a44-43ef-a9c7-336c3f10ac3b,72fb22df-2979-4877-b838-f0697fc9a602,text/csv,654
reranking_finding.md,reranking_finding.md,25c06279-1686-4f80-aced-b7f67c693160,034f499b-f175-41a8-b1a6-c9321e2affe0,text/markdown,4393
shortlist_refeasibility.csv,shortlist_refeasibility.csv,25e48806-b74d-41d0-add9-e2c4edf8c897,feda6617-6561-4b5e-b98e-9e323d799224,text/csv,3239
run_val.sh,run_val.sh,dd058aeb-05b0-44f7-856b-7bd021e6fc89,d0077db4-f40f-4e07-8327-39217242ee78,text/x-sh,964
variants.fasta,variants.fasta,441928e8-5519-49a8-8b6e-4c796057b9ac,92eb0da8-e34e-4598-89bc-d8823de6dadc,text/plain,742
nb3_ns1_AB.pdb,nb3_ns1_AB.pdb,30e1a9a2-68b1-4bfb-b07a-8401796587a6,8702fbe3-a704-4364-97f2-0e372cb65904,chemical/x-pdb,296550
run_mpnn.sh,run_mpnn.sh,d16a4d84-8dc1-42f1-8a2b-0b2726a0994b,8706d8d6-349f-45ca-8aa5-c1a9de39fa90,text/x-sh,1187
redesign_spec.json,redesign_spec.json,205d36dc-4f3b-4bdd-a6f3-c698a0a3e6e6,e714b53e-1071-47a1-9f8b-ca3d107d49ae,application/json,451
next_steps.md,next_steps.md,fb43aaff-737f-49d3-9e37-91944d9a3519,ae94fc50-90ec-4a3d-9626-5f1ba06b6306,text/markdown,5617
corrections_ledger.csv,corrections_ledger.csv,b5ee609d-caf0-43ec-ae3f-883231396d73,683bce09-97ef-42e6-8e03-ae7472e3f335,text/csv,7823
dimer_revalidation.md,dimer_revalidation.md,1eee5196-4a97-4b5f-a7e7-1e1d0ea15f50,2b1eece6-959c-4d5a-aabe-3f766f30aa86,text/markdown,5391
pred_dimer_s5.pdb,pred_dimer_s5.pdb,271be5ae-783b-4dc1-917b-b5b90ca5e8fb,ea4e6a37-2a22-466b-b724-202f6949f206,chemical/x-pdb,520748
fig11_dimer_revalidation.png,fig11_dimer_revalidation.png,bce52ba6-5eac-4416-8542-ea3817126196,f3449071-95b8-4a59-b922-b82104788ede,image/png,212907
dimer_quality_control.csv,dimer_quality_control.csv,5bea3058-7e0f-45a5-b308-6fd6478a14ac,c35dbdf9-fc1e-410f-8fb3-023243782c12,text/csv,359
dimer_revalidation.csv,dimer_revalidation.csv,3c80222c-9f91-4d32-b1c6-15f69d74e8be,660613bf-cd1e-4c33-880a-51f3a5b8f8d2,text/csv,1090
binder_status.md,binder_status.md,4f0da57a-30c9-4008-afdc-cb6d09f5c326,061a5b83-224a-463e-8c56-a9b691565405,text/markdown,6228
binder_status_scorecard.csv,binder_status_scorecard.csv,5ff51c6c-e32b-42f7-a9ba-a2a18ba69a8d,cf1ef503-0561-4beb-8b14-f6fdaf28266b,text/csv,1303
gate_calibration_stratified.csv,gate_calibration_stratified.csv,2be5ecdc-106f-4138-82f9-54b25d4852a5,4f3fa0d5-0add-48ef-95c0-933bd97d9d4d,text/csv,163
gate_calibration_summary.csv,gate_calibration_summary.csv,5d737497-6e2f-4884-98ed-2340eb61530d,160e85cd-4930-4c13-bda8-b21086acf7c7,text/csv,313
fig10_multiseed_calibration.png,fig10_multiseed_calibration.png,c09e3c2b-d1e7-4cba-90e2-751044ba65c2,927d020c-e55d-4d50-9d46-0a6d8f44b520,image/png,234094
gate_calibration_multiseed.csv,gate_calibration_multiseed.csv,6c58c9cd-f10e-4da5-ad95-9fe1466150c1,9918c3c2-9bf9-42fa-a03f-bcb542ba2beb,text/csv,2527
published_binder_options.csv,published_binder_options.csv,d036befa-b7e8-4658-b4f3-bc98b4451ca3,f4bc5920-de65-4664-afb8-49e00657af2d,text/csv,1064
sandwich_partner_finding.md,sandwich_partner_finding.md,6f660d29-b4bc-475a-94af-583ff71c28da,27190a75-aa78-41d0-899f-9a86cd8fdc35,text/markdown,8103
fig9_published_antibodies.png,fig9_published_antibodies.png,170a746d-b504-424f-81ee-d1140fbe3249,9ae0fa45-a5f2-4c48-8982-22128626bb00,image/png,174330
epitope_conservation_all.csv,epitope_conservation_all.csv,1f5860ea-e706-49e3-83fb-f200444de1ea,4c29f997-26a3-4f0f-9e2f-82a5ca357660,text/csv,1531
sandwich_pair.csv,sandwich_pair.csv,d0f2f44f-3bc2-489c-9df1-f995273adf3f,1739d255-face-4baf-b22c-1ee6a26b4df8,text/csv,1047
switch_geometry_addendum.md,switch_geometry_addendum.md,e2e9a1f0-0c1d-4655-9f26-abb2b2a65740,8a4063c4-98a4-4094-b8b4-65014173c2de,text/markdown,5015
ns1_dimer.pdb,ns1_dimer.pdb,b090f310-2e4f-410e-85e6-62750d32867a,a98f4c16-2471-42a7-8848-b83f3283dc5e,chemical/x-pdb,448263
fig8_switch_geometry.png,fig8_switch_geometry.png,4034a2f4-13ea-46a1-9cb1-3070eba5533d,e3c32c53-3ac7-4688-8f9d-88b8ac79739d,image/png,175764
switch_geometry.csv,switch_geometry.csv,0cacbdf5-f158-4325-9bdd-42c311168a31,df8fc56b-06fd-4693-a0d2-62fe60f8df41,text/csv,1076
gate_calibration_finding.md,gate_calibration_finding.md,bc4dcdc6-033c-41d0-a274-05539f679ed0,32ff1047-cdbf-4871-96f5-6070c6bc2323,text/markdown,7899
pred_2b7.pdb,pred_2b7.pdb,6355b6ee-648e-43d4-91e3-25aced223a1e,1f35d9c4-c9f1-4d38-bd84-2f339847d020,chemical/x-pdb,491750
fig7_gate_calibration.png,fig7_gate_calibration.png,e310dc8f-e02a-43c3-8781-e34ec00524ef,a2684ba5-80ab-4b3a-b786-682dd7214d32,image/png,164825
gate_calibration.csv,gate_calibration.csv,256d43d9-4b03-440c-87e2-94f9c52de9a9,e3d0bd48-2af8-410d-a17e-e6fbccf4b0b0,text/csv,491
README_for_advisor.md,README_for_advisor.md,d0513a1e-2dbc-4140-ab3c-006d9ba97bee,03b8ad14-9975-4630-9ccb-5936ccb5e0db,text/markdown,3408
for_advisor_review.tar.gz,for_advisor_review.tar.gz,7cb12244-efb4-42e0-bbaa-359a68f7a0b5,36924f9a-95e1-455c-8d8f-ef337d2efa86,application/gzip,564367
rank9_seed5_pd_2_dldesign_0_RF2_complex_NOTGATEPASS.pdb,rank9_seed5_pd_2_dldesign_0_RF2_complex_NOTGATEPASS.pdb,16412515-2e5e-43b9-a2b0-1fd606a2817f,679d6063-dfe3-4cd6-bb66-de7e6c4236c3,chemical/x-pdb,176018
rank4_onepi_pd_28_dldesign_0_RF2_complex_NOTGATEPASS.pdb,rank4_onepi_pd_28_dldesign_0_RF2_complex_NOTGATEPASS.pdb,e6dc8d56-0f56-4ce7-bb13-450ca59c9ea3,c7324ba3-7238-4d4f-8ae7-373c30c193e5,chemical/x-pdb,173204
rank1_onepi_pd_30_dldesign_1_RF2_complex_NOTGATEPASS.pdb,rank1_onepi_pd_30_dldesign_1_RF2_complex_NOTGATEPASS.pdb,654d5379-9755-46f8-bfb2-d9c0704a4a3c,56a4e94e-2522-4063-8948-5bb6dfb945d6,chemical/x-pdb,171931
target_NS1_betaladder_epitope_crop.pdb,target_NS1_betaladder_epitope_crop.pdb,04083cbb-fb3c-4d77-8915-15889e40549b,0d90a66f-01c9-4420-a7a3-07f28f36604b,chemical/x-pdb,97773
target_NS1_monomer_9W22.pdb,target_NS1_monomer_9W22.pdb,6337b852-f0d2-4a7b-8116-00152a61ab50,3e4b960d-86bc-4a29-9f1d-586f328ddaf7,chemical/x-pdb,224127
2b7_reference_interface.csv,2b7_reference_interface.csv,a6634a4d-144b-4f2d-89c3-9d3e8304c29f,dfcfea3f-9168-42a3-be9a-567c8c5ec06d,text/csv,606
citations_verified.csv,citations_verified.csv,44db022c-5db4-4c80-9f59-d14598b47bf9,9365b78d-4df2-4e4c-a119-95d2bdc85d37,text/csv,1682
mimicry_analysis.md,mimicry_analysis.md,c26a5771-6712-4da7-b779-18576a7b6e5e,8d26d280-c7b2-4da3-ae04-3846806a9190,text/markdown,11434
mimicry_method_validation.csv,mimicry_method_validation.csv,5b6238f3-e02f-4c9d-8d8b-443cfc065b14,95a5264f-ea9b-47ff-bc86-1b41923196f5,text/csv,528
denv_zika_specificity.csv,denv_zika_specificity.csv,33e16f02-10ef-4061-92d4-ac73bfc5e386,d8c174fb-9891-44b5-be4f-de83d7d94609,text/csv,1320
fig6_specificity_annotated.png,fig6_specificity_annotated.png,12226915-c804-4182-b01c-3be22e0d21ea,3486ef06-67d3-4e23-865b-27d5a13f0fd4,image/png,688148
epitope_tip_entanglement.csv,epitope_tip_entanglement.csv,89c07ddc-72c8-4868-8910-a1be551d32e1,b44c6d69-46d9-48a7-816f-4e84c74a8bba,text/csv,644
burial_decomposition.csv,burial_decomposition.csv,30eddda2-acc5-470e-a32d-6c21607a03b8,e69c53d0-da1d-44db-8c38-b0f163dcb27d,text/csv,588
fig5_entanglement_annotated.png,fig5_entanglement_annotated.png,79a53008-bb40-4019-9ce7-263bb9b92ad8,6fc1bcc3-d7a6-4664-87e2-c49e86a4059b,image/png,415962
seed4_offepi_complex.pdb,seed4_offepi_complex.pdb,98c92c48-db2f-46b8-bca0-fb6977531b6d,d404e1cc-69df-4b85-bfee-190ab677cce6,chemical/x-pdb,296621
seed3_offepi_complex.pdb,seed3_offepi_complex.pdb,05bb465f-b3b1-468a-b305-e97d70a4c048,cd575673-b83e-4032-bfdb-1e2c6a1669eb,chemical/x-pdb,296621
hotspot_geometry.csv,hotspot_geometry.csv,d25ca1e5-f4e7-4892-8de7-a44e3454af1c,12eca53a-f4ba-4992-af85-59dca752c421,text/csv,1086
diagnosis_metrics.csv,diagnosis_metrics.csv,2ae9b1e8-8cc0-48f9-b7a8-8f2571ff9c73,ce239450-8fd9-4117-825e-acec4c702c21,text/csv,697
nb3_structural_diagnosis.txt,nb3_structural_diagnosis.txt,3a0e5178-af6f-4025-b567-d2ee44c28b01,bbed9734-7bb6-4215-b0f8-5504e1659deb,text/plain,27011
fig4a_surface_character.png,fig4a_surface_character.png,6e116ca5-7201-40d3-ba75-06ed64630fe2,f74a12ea-686b-4d8c-a826-834e328d19e9,image/png,754414
fig4_clusters_annotated.png,fig4_clusters_annotated.png,de1524d6-e2a5-4cd6-9276-a180bd300eaa,25b61b59-caab-45d1-9001-67224249e222,image/png,468451
fig3_seed3_annotated.png,fig3_seed3_annotated.png,3038a268-a221-4364-a02b-4b75d5b496ef,0153a5cf-ddbc-427c-82cb-9370ca461e55,image/png,443122
fig2_seed5_annotated.png,fig2_seed5_annotated.png,e02cbc2a-9299-4887-ad26-d0bdf2948f5a,e82641e0-c8f1-4e70-90c7-8fa6f5dedc98,image/png,204288
fig1_nb3_annotated.png,fig1_nb3_annotated.png,696d0728-3c84-4317-b2f3-0c3374a141f7,3ead1ff0-03e8-45d4-86f2-7e7251ea45bc,image/png,345369
report_outline__7eee45d3.md,report_outline.md,7eee45d3-2994-46dd-92c4-62596e032221,27dfe4b6-6d2e-485f-a586-b910ee015280,text/markdown,7346
report_outline__1f4983a1.md,report_outline.md,1f4983a1-cd75-4d0e-b67c-b9a2056c3670,9f6bb5fa-0a4e-48e9-bd70-0ada616b58d9,text/markdown,8708
FULL_REPORT.md,FULL_REPORT.md,2431eca3-0b03-44aa-bbb9-533a019c8820,9c50bcd7-612a-4883-8766-2e4fea354d3c,text/markdown,26259
ns1_final_benchmark_bundle.tar.gz,ns1_final_benchmark_bundle.tar.gz,83c84ee9-abd3-4a17-9e2e-dda1d05ae8a5,f61f8176-9ed7-4872-96d1-6ea832338dc7,application/gzip,663022
ns1_binder_benchmark_repo.tar.gz,ns1_binder_benchmark_repo.tar.gz,2eeaa60e-4cc8-44e4-a6ce-4ccacb43d73a,436b17a1-fab7-4787-8a1d-26e5aa51d035,application/gzip,221593
final_benchmark_analysis.ipynb,final_benchmark_analysis.ipynb,77c4a78d-f080-4b50-9b2b-540b73e2d843,66dc6dc4-90fd-4048-b8f6-2fc0174df1cb,application/x-ipynb+json,9330
denv_conservation_check.py,denv_conservation_check.py,2863f3cc-2e2b-446e-b250-608f37f0d527,3b5baaeb-fd7a-4076-81b0-efc5d5fc9bca,text/x-python,4681
epitope_contact_analysis.py,epitope_contact_analysis.py,db377bcd-7db3-47d2-ace7-d8c4a817a9a9,65cda66c-ba52-4442-9808-7516ac3c4245,text/x-python,7689
boltz2_validation_harness.sh,boltz2_validation_harness.sh,5adc5f35-88bb-4eda-b8b9-77c0dc95fc24,b396e5d1-515e-4af6-a326-8d956ce30c0e,text/x-sh,2881
README__b2c7ba07.md,README.md,b2c7ba07-422a-4bf6-9bcf-a5c60c06ba05,6e22da2b-06a7-4d85-84a6-68bb7691bae3,text/markdown,9338
plan_consolidate-the-5-week-ns1-binder-design_fd4f5ec1.json,plan_consolidate-the-5-week-ns1-binder-design_fd4f5ec1.json,2c815e96-899b-4937-a343-bdeabcfcb936,40294495-e859-4843-9a78-8c4d5d31a5ed,application/json,3372
seed5_refinement_methods.md,seed5_refinement_methods.md,94e956ce-c895-4fcb-8c8c-ac0303983c23,d928405a-382b-43b1-871c-fabbbc617e95,text/markdown,14913
campaign_master_summary.png,campaign_master_summary.png,83487ca6-d0fd-46f1-b4b5-4e6275651357,6d73130f-658a-44b0-a95a-09290a849f94,image/png,137058
final_ranked_binder_table.csv,final_ranked_binder_table.csv,db347707-bf66-4d4a-9548-57a988891921,1d774914-1e73-4b42-b53d-c20e49762f5e,text/csv,3025
denv1-4_conservation.png,denv1-4_conservation.png,8294c1b9-b4f5-4d26-95f3-47736b849863,70f16951-e7f9-408e-8065-43b5b0e959e2,image/png,91846
denv1-4_contact_conservation_top_designs.json,denv1-4_contact_conservation_top_designs.json,7c54269e-5067-4593-8509-0e82d5831659,53485d3a-e41a-458d-82c6-e42494713c6b,application/json,3343
denv1-4_betaladder_conservation.csv,denv1-4_betaladder_conservation.csv,afbe7f7f-90a0-4cd3-938d-334db201a9c2,ced16289-b58c-4d65-b878-e45fb5b9026e,text/csv,1561
phase1b_boltz_epitope_fidelity.png,phase1b_boltz_epitope_fidelity.png,44772539-c338-4792-a8de-bcd3431e1d6a,23f7455e-47d0-42bf-b41f-4b6e0ecdb819,image/png,111536
boltz_1b_full_results.json,boltz_1b_full_results.json,278be740-0003-4190-bec5-de8a13bb3c8b,3e463567-13a7-4322-b3dd-20ff344143ca,application/json,5866
boltz_1b_results.csv,boltz_1b_results.csv,a2e9ccdc-8d8a-45e4-ac4e-19024f05bc58,4d2436fc-6dd7-4116-97ea-481a21614f09,text/csv,1215
boltz_1b_seqs.json,boltz_1b_seqs.json,50fad25a-1c56-431b-ad31-abea9ae0bf79,d3cd6fe2-a348-43ba-b1ec-79ebdda72747,application/json,4233
rf2_1b_shortlist_pdbs.tar.gz,rf2_1b_shortlist_pdbs.tar.gz,cf13c993-bf09-4c0d-8596-be7be27c1f3c,32e42b81-d99e-43b4-a1d5-60ddd39d5d20,application/gzip,652721
rf2_1b_all64_results.json,rf2_1b_all64_results.json,9b1f75e3-64af-42b9-a7f2-277c82923c27,88498b57-bfc0-4dd5-a62d-5f1f791520a4,application/json,28015
rf2_1b_shortlist.csv,rf2_1b_shortlist.csv,c9fcbed8-f988-4a02-b1c5-6057d6994f27,de1e843e-91b7-4454-acae-95efee22e2a6,text/csv,1087
mpnn1b_designs.tar.gz,mpnn1b_designs.tar.gz,e9161361-4fbc-4994-81b3-ae0df5a271b8,077ca026-2277-466f-a801-eae9ed3190a8,application/gzip,734050
phase1b_backbones.tar.gz,phase1b_backbones.tar.gz,859657ae-d4e7-4f93-a678-7a0cf369eec1,53a2e9dc-87de-4720-bdb0-a5e57ca5423f,application/gzip,367608
onepitope_seed_hlt.pdb,onepitope_seed_hlt.pdb,6824f7a6-7f8a-4db2-9ce9-251ad90216cb,fbbabad1-4429-484b-b62a-2c02dc57732f,chemical/x-pdb,174879
phase2_boltz_epitope_fidelity.png,phase2_boltz_epitope_fidelity.png,52e66982-5536-443d-8aca-0a70de19b5cb,1575d2e4-a4fc-4611-a63c-1fb01247ec31,image/png,108718
boltz_shortlist_full_results.json,boltz_shortlist_full_results.json,88283683-3e04-4b03-b1a2-80753b723cc2,ab179bf6-44f7-4584-8ae7-a6f54e69b4bd,application/json,5991
boltz_shortlist_results.csv,boltz_shortlist_results.csv,c466563a-ac94-4ee4-9c9c-ba2fc6364642,6743caac-84b6-49a3-a538-7c94c9bb3111,text/csv,1209
boltz_shortlist_seqs.json,boltz_shortlist_seqs.json,42b5f6ff-e4d0-4fec-952b-88dd48eef42f,91de0d82-988e-4038-a0e6-2fb97f7fe6d8,application/json,4221
phase1_rf2_summary.png,phase1_rf2_summary.png,4d57fe17-54a9-412b-a147-b50339837887,fff40c04-56fe-4ccf-b2c0-e70637c3a00d,image/png,170588
rf2_shortlist_pdbs.tar.gz,rf2_shortlist_pdbs.tar.gz,32eb07f8-886f-4598-a886-0292d2851eb9,152e4356-8a67-4295-86bf-a9eb2aeb302a,application/gzip,662347
rf2_all48_results.json,rf2_all48_results.json,f8d645f0-324d-448b-b689-97793724e14a,307f8bcb-5cf2-49b3-a7c9-3b37baa48a7d,application/json,30995
rf2_shortlist__c17a6efd.csv,rf2_shortlist.csv,c17a6efd-8c9b-4cfa-b3fb-5915efd1cb2f,a513b5bb-e270-4eda-a9b6-dfc09e511973,text/csv,2293
mpnn_designs.tar.gz,mpnn_designs.tar.gz,4382a540-6dbe-4d7c-8d25-6e95461bc780,dea1188d-2904-4cb7-8bcc-66813773c412,application/gzip,551391
rfdiffusion_designs.tar.gz,rfdiffusion_designs.tar.gz,655d521b-62ed-4e45-b0ff-2ed24af18510,79ea4b47-e21f-464a-ab88-b1b1d07603b8,application/gzip,14524439
seed5_chothia.pdb,seed5_chothia.pdb,4b2fd22a-2291-475b-ab1c-a17242fc94d0,7789540a-a85c-4a2a-bca3-53a21e689549,chemical/x-pdb,107502
seed5_HLT.pdb,seed5_HLT.pdb,4805c432-5f97-4850-a2dc-1a6b09f32d09,a8753f39-4e19-4533-a328-1b0b60cda1aa,chemical/x-pdb,108096
phase1_summary.json,phase1_summary.json,5eeca179-c36d-486a-a96c-b9cb56db6bf2,fad75d32-bf90-4f26-b4f1-b50431e04e50,application/json,487
rf2_all_scores.csv,rf2_all_scores.csv,6f81f1a4-603c-4b8f-a0e1-c412a0b08b2c,02df6beb-1414-4459-afc1-3e61ea8d04c4,text/csv,1577
rf2_shortlist__f813a7fa.csv,rf2_shortlist.csv,f813a7fa-e82f-4021-a54a-7eda5a837c5b,4b981e42-d459-43e3-93ff-ecb4dbca5dbb,text/csv,431
designed_sequences.fasta,designed_sequences.fasta,145ad1ef-671e-411e-b5ae-b96b3d98ffc5,65951125-b677-46cb-b94c-76ddb36f2211,text/plain,6480
cdr_positions__e96318ac.json,cdr_positions.json,e96318ac-56f8-4136-8aa2-fc4ac9d9ab6a,14e6b35c-ff17-4e25-af0d-64dc6aa41565,application/json,451
seed5_binder.pdb,seed5_binder.pdb,4ee4cddd-c93a-4e8b-9a02-cc407c2ef295,2768835d-335b-4c71-a1fe-b66455230d26,chemical/x-pdb,72337
switch_construction_plan.md,switch_construction_plan.md,bb22e97b-0221-43c7-9a56-d1d957018757,09abd844-3b3c-4984-ac34-0e79db5a7704,text/markdown,13988
switch_binder_geometry.png,switch_binder_geometry.png,bcef0ae9-940f-45f4-b511-6909082759e4,e6f6ccae-3c21-41ae-9c43-6dc47e3c055d,image/png,174536
anarci_status.log,anarci_status.log,196410e9-35c9-43c2-ada4-e580d44cf6eb,2f170751-d2d9-4f49-9d04-f4e5ae57d824,text/plain,3855
cdr_positions__9a0cf8d7.json,cdr_positions.json,9a0cf8d7-a2ea-4984-9862-d70e22532a2e,5568843d-d1c4-4f5b-98af-f1b997c4f438,application/json,261
cropped_ns1.pdb,cropped_ns1.pdb,b3247340-6b1c-418d-98fe-c6f5671bad56,d53588f4-974b-4aa4-b225-5006006abd97,chemical/x-pdb,4676
hlt_framework.pdb,hlt_framework.pdb,6573600c-6bba-4010-b122-f0bd02a74268,ab8e7439-7ec3-4d80-ac91-921ad76d5582,chemical/x-pdb,6704
numbered_seed5.pdb,numbered_seed5.pdb,71fa3311-b5e1-4c05-a3ae-9aa967973b88,036edae8-fb01-4734-be09-e86d86868edf,chemical/x-pdb,9312
plan_refine-seed-5-pose-via-partial-diffusion_fd4f5ec1.json,plan_refine-seed-5-pose-via-partial-diffusion_fd4f5ec1.json,f404f615-77b4-4b1d-9eac-603ae862efbd,fdf940dc-95f4-403c-b92e-a4d832961d70,application/json,5132
seed5_robustness_results.json,seed5_robustness_results.json,61df6c67-3a2a-4126-91d9-bd7f114618e1,20baf6ea-33c6-4e4e-a219-8ed594b0a928,application/json,2621
seed5_robustness.png,seed5_robustness.png,f3f2c665-bd64-44c9-893b-1169da1c3cef,2f687272-3948-4d66-baeb-965ff8e05de1,image/png,151814
control_validation_results.json,control_validation_results.json,984742b6-4ec3-4f24-a86b-da4bb9318288,7a120904-1375-4b37-818f-fadb42598125,application/json,2183
control_validation.png,control_validation.png,0168baef-8d1c-4696-91d0-f2b5fc99ec94,5ad9f7cb-4375-4bc0-90e3-1f0ca57ae55a,image/png,99729
nb3_step2_3_report.md,nb3_step2_3_report.md,3ee9d3d8-248c-45bc-8ac4-79797368264a,62bf8777-a4c8-4894-8255-0679ad289e22,text/markdown,4951
nb3_step2_3_boltz_results.csv,nb3_step2_3_boltz_results.csv,b4312503-6459-4120-928f-b7cb32e74cf3,914325d5-eb0b-4799-bc87-2e6c81b44482,text/csv,883
nb3_step2_3_result.png,nb3_step2_3_result.png,d466a3fa-3dc8-4749-9e2e-fd1663ef8ede,06bec26d-a960-4beb-9c7a-293f52aa2f81,image/png,106282
multi_validator_report.md,multi_validator_report.md,acd3ec8c-e1a9-43b6-ad19-6294f233de98,90e086b6-e7a1-4d15-a97e-9b066becde2a,text/markdown,4953
multi_validator_structures.tar.gz,multi_validator_structures.tar.gz,d479783c-da8b-4bcf-9c37-ba26fd3b33d7,7c35343a-6d55-45d9-97c1-04bdf7e20a15,application/gzip,904892
multi_validator_results.json,multi_validator_results.json,8c444a69-503e-479a-920a-5e3935db3908,abbfcf80-cc2b-4387-be95-d515f7593dfd,application/json,3542
multi_validator_results.csv,multi_validator_results.csv,73e7a170-7ea5-4f8a-80eb-f7c440061406,b9cddbdf-aa3b-429b-b4dc-7ca0fd42b787,text/csv,378
nb3_step2_3_rf2_ranking.csv,nb3_step2_3_rf2_ranking.csv,0e686ccc-9dec-41f6-9dfe-58dfcca06b56,e10ae14d-4d44-46ee-8b20-4ff3ef7bacfd,text/csv,3011
ns1_target_REAL.fasta,ns1_target_REAL.fasta,d3cd9937-ba00-4842-919f-6b8f7f7bd5ad,cf559f40-3317-40ad-9946-50bf3bc891f4,text/plain,163
nb3_REAL.fasta,nb3_REAL.fasta,b223f5a7-a3ad-4170-95f4-572fc3ca7051,9773f696-9056-4c52-8a3d-0d9f339282d6,text/plain,124
target_residue_map.json,target_residue_map.json,c9107f09-e0b5-4d20-b065-79040e4f510b,6bcad673-c97c-49a9-94b8-870e5624c5af,application/json,922
target_ns1_REAL.fasta,target_ns1_REAL.fasta,532f641b-8817-4bc3-9690-8dcd97fbba99,eb2933c9-3767-431b-b919-183b61d3e4f3,text/plain,163
nb3_step2_3_execute.sh,nb3_step2_3_execute.sh,8ff5630c-70ab-4f2d-bf8d-fbf1c5a981bb,04a04aa2-fd85-40ad-b0e8-f93fc7657e89,text/x-sh,7407
nb3_step2_3_setup.sh,nb3_step2_3_setup.sh,bd39da93-436b-430e-ac8a-b429bf08e3b0,0e4d8288-7112-42d4-a654-a275d55d63a2,text/x-sh,3805
nb3_optimization_status.txt,nb3_optimization_status.txt,3472e895-b416-41a4-839c-1f917afebd71,5cb28163-0b2c-4087-a6d5-d4aedd5a45ab,text/plain,5551
nb3_step2_3_execution_summary.json,nb3_step2_3_execution_summary.json,996a4be8-d1f4-48af-ba64-46e6a5beda03,aa01cf86-52ee-4fe4-8c1e-3543dd6c3e9e,application/json,2154
nb3_step2_3_config.json,nb3_step2_3_config.json,118e6a17-94f6-4432-9579-6b7f2276c7a0,4631dc01-638b-4a43-950a-4ef92eb7df35,application/json,2528
nb3_step1_epitope_fidelity.png,nb3_step1_epitope_fidelity.png,4da531bb-bc4a-4e4f-9085-8a6e7d633b89,9af6e7d5-e852-4cb3-88da-e410c41878a2,image/png,85774
nb3_step1_interface_analysis.json,nb3_step1_interface_analysis.json,8dee3b03-bfbb-4584-bab1-48ce1a39e95e,7452389f-dc60-435b-b61a-188cdacd5ea7,application/json,5810
bindcraft_pilot_corrected_report.md,bindcraft_pilot_corrected_report.md,3e42aed3-f2b1-4c05-bbcf-ef3288a6c5ac,bb3ef9d7-55fc-40aa-a956-9d887a39b473,text/markdown,2077
step1_summary.json,step1_summary.json,58f742be-cd78-4735-9d41-c9d22017629a,3a0d28f4-b0a9-4fe1-89b8-691c816a1230,application/json,2756
bindcraft_deployability_report.md,bindcraft_deployability_report.md,08923f26-b136-43fc-a47e-dc73a3ac958e,8b93b7bd-0b59-4640-8e67-8daa82635848,text/markdown,18362
post_pilot_score_vs_nb3.sh,post_pilot_score_vs_nb3.sh,a701c949-0468-4336-bc73-86406a75ff4f,d5d2e655-8aa1-4f21-b429-da076bb7fff7,text/x-sh,2851
ns1_betaladder_target.json,ns1_betaladder_target.json,987a27c3-819d-41dc-9c1f-551331066130,586300f0-bd5a-4384-9064-3406599e60a2,application/json,354
deploy_and_pilot_bindcraft.sh,deploy_and_pilot_bindcraft.sh,ef57065d-3d3b-4dea-8858-0459e66f2b80,a85a5991-8c80-4dce-8b97-021d63678b9f,text/x-sh,2835
nb3_EXECUTION_SUMMARY.txt,nb3_EXECUTION_SUMMARY.txt,fe73dd20-418b-4f33-b130-bc2aa8d2d046,1eefe038-d697-408f-b043-53b5c6b0f765,text/plain,9442
nb3_optimization_strategy.md,nb3_optimization_strategy.md,d25e6006-4305-4caf-b6ae-72aa37d76411,afbcf216-0f28-45f2-8339-587ddc7d32a6,text/markdown,7806
nb3_optimization_plan.json,nb3_optimization_plan.json,6735b890-d653-47e3-b199-db63b270f3f5,3aa41c87-e45d-4ec8-99d5-c4d661615359,application/json,2928
nb3_manifest__1fd40a4d.json,nb3_manifest.json,1fd40a4d-5845-469f-a944-4d7162eb7284,b44daf2a-70b9-4f7a-98c7-245e2e8b7f8e,application/json,2155
nb3_dldesign_0_binder__c6868c1e.fasta,nb3_dldesign_0_binder.fasta,c6868c1e-b608-4525-9f1e-7dda5b582046,74ae2212-7f99-45ea-af8e-d3107117bfc8,text/plain,142
nb3_dldesign_0_fulllen_MSA__d6c29fa3.yaml,nb3_dldesign_0_fulllen_MSA.yaml,d6c29fa3-5979-47b2-8d01-60af04668e11,010f1293-9715-4e6d-9a0a-40189966ac74,application/x-yaml,570
nb3_dldesign_0_complex_MSA__5f6bd57e.pdb,nb3_dldesign_0_complex_MSA.pdb,5f6bd57e-a54f-40e8-a7ee-3425a648ea0f,c10238c2-4288-4fe7-b78e-aaa4013a31e3,chemical/x-pdb,296621
nb3_dldesign_0_complex_noMSA__402c9b99.pdb,nb3_dldesign_0_complex_noMSA.pdb,402c9b99-385e-42e9-aa85-b8363a349091,5babcf90-80f2-4e15-b5c6-a03548e498d9,chemical/x-pdb,296621
nb3_dldesign_0_complex_noMSA__da3eb4cb.pdb,nb3_dldesign_0_complex_noMSA.pdb,da3eb4cb-8eac-42d2-8307-a92800a24dd8,1e4628bf-df98-4428-b94e-e93eea998e03,chemical/x-pdb,296621
nb3_dldesign_0_complex_MSA__7eadcf18.pdb,nb3_dldesign_0_complex_MSA.pdb,7eadcf18-4f7f-4305-a59c-a927fc8f00f3,2df83040-1754-4b70-87d2-2343a7d4070a,chemical/x-pdb,296621
nb3_dldesign_0_fulllen_MSA__d6d7cf08.yaml,nb3_dldesign_0_fulllen_MSA.yaml,d6d7cf08-ab78-47f1-8b72-09351c46aa63,95440225-4929-44e3-abfa-860e688faafd,text/yaml,570
nb3_dldesign_0_binder__7dbfcea0.fasta,nb3_dldesign_0_binder.fasta,7dbfcea0-92dc-43ef-aec0-5732c60d1777,09605942-db73-4618-acba-eeca330392d1,text/plain,142
nb3_manifest__3f54f5d5.json,nb3_manifest.json,3f54f5d5-15f7-414b-a7af-3224b9a9102a,d91e8ff1-c960-4c61-a834-3d8c9ee8411d,application/json,2155
bl_confirm_results.csv,bl_confirm_results.csv,fa0319c4-c5e3-4c44-819c-fdd6fc5767bc,6da803ca-99f8-4a1c-9c38-e8d2597e710e,text/csv,462
bindcraft_pilot_report.md,bindcraft_pilot_report.md,4325c7b2-4d22-498b-aa46-aa2ab7a3a0bd,e6c7b07e-af06-4c6b-b091-25fc77a9d67d,text/markdown,6591
AF3class_revalidation_report.md,AF3class_revalidation_report.md,8bfd2d87-000e-4299-ba71-6ec1b5b08fd8,1b1e82d5-c2dc-4bc8-a64e-bc7a14b55d15,text/markdown,9953
boltz_metrics_24.json,boltz_metrics_24.json,d2d7634e-3fe4-4896-a299-d4d80d67cdfa,9faf81e0-2242-48ca-a4f0-43544ed08a80,application/json,7712
head_to_head_boltz_vs_rf2.csv,head_to_head_boltz_vs_rf2.csv,2137ef98-8310-497d-8bba-ab212b629eef,4d841b09-622d-4cea-b626-6c02f3db9ab4,text/csv,2227
boltz_vs_rf2_comparison.png,boltz_vs_rf2_comparison.png,220b5dcf-2ddb-40b3-a3bb-8cf4274cd006,8040171c-9bfe-4d18-88cd-2a2587ff4d1b,image/png,219959
plan_re-validate-24-existing-ns1-flu-nanobody_e669212f.json,plan_re-validate-24-existing-ns1-flu-nanobody_e669212f.json,c6cc25ac-1041-42d3-a020-634640949d80,cc325fa2-f5b3-4e89-ba7d-a35b9d35de43,application/json,4481
NS1_directionB_epitope_target.pdb,NS1_directionB_epitope_target.pdb,a3b21614-5460-4ca9-acb7-dbed578ca923,e167bf5f-eb85-4bff-b9be-0e7fca1d3297,chemical/x-pdb,97773
NS1_directionC_epitope_target.pdb,NS1_directionC_epitope_target.pdb,92bc9920-2c4e-41a4-9e21-f680a6801374,c788d2b4-91ac-4748-a35c-b5a728d574fb,chemical/x-pdb,225889
run_rfantibody_scale.sh,run_rfantibody_scale.sh,bfc899aa-1768-4afa-b859-50b5719307ce,cf156116-e13e-45fa-89fc-bb74611beef0,text/x-sh,3594
option2_Eprotein_contingency.md,option2_Eprotein_contingency.md,a578a345-ece8-4d5a-9100-5cd9f848549a,9c0dbd0b-63f2-4629-ab40-3f82cf7d8996,text/markdown,8360
rf2_three_way.png,rf2_three_way.png,8e81dab2-3edd-4de7-b9a4-4f89215db956,edd280d0-bd7d-4c11-a4cd-7c2f018e4b51,image/png,56334
rf2_three_way.csv,rf2_three_way.csv,68222f88-f48c-4f7e-a64e-6fdd73490802,5098b916-cac0-42cc-b444-c9c8f9cb8790,text/csv,1310
rf2_directionC_scores.csv,rf2_directionC_scores.csv,a602d92a-dfcf-4969-8f70-3106d5492597,4b75da72-bcdb-4417-ba82-81e60c527e03,text/csv,856
ns1_connectorC_T.pdb,ns1_connectorC_T.pdb,432ca744-042e-41e0-9c51-0d5bb6f580f8,4199cfc4-a871-4f65-b512-bf22bcc5d7b9,chemical/x-pdb,224135
directionC_validation.json,directionC_validation.json,5c423870-3f20-451b-bf42-33f5014b6b4a,b6cb572e-3695-4c6c-a944-671579561e17,application/json,2293
directionC_validation.png,directionC_validation.png,65db094d-9e5f-41a0-8a7e-37f6ad201d2f,8f904e71-1339-4be9-9cc9-636c824df59e,image/png,68059
rf2_comparison_both.csv,rf2_comparison_both.csv,93ebfa1f-38e0-4868-9935-23257c4ce9b0,ecd38663-e44c-406e-8968-1e385a07dffb,text/csv,901
rf2_flu_scores.csv,rf2_flu_scores.csv,54a69447-30dd-4644-b54c-aea72647540d,00d02df5-e3b5-4f8e-9698-63370245f4f7,text/csv,866
ns1_concave_patch_finding.json,ns1_concave_patch_finding.json,7c0e88f8-0a2a-405d-bfe7-facfefdcc1c0,513093ac-f479-4285-8dbb-583819c7cbd3,application/json,2522
ns1_concave_patch.png,ns1_concave_patch.png,3b001a19-1e41-4184-a172-dfbcb2416341,75edf682-3f2c-4e75-8dd9-a82efe11ec4d,image/png,102751
rf2_smoke_scores.csv,rf2_smoke_scores.csv,bbe5f3cb-41fb-4e20-9431-80901dee9c25,927cecd4-e77b-4304-8d11-9d528ba03656,text/csv,862
ns1_betaladder_T.pdb,ns1_betaladder_T.pdb,5982bb76-0bb9-4a91-8cd1-8115a1ca4fc9,096e6bf7-e9a8-482a-9bb0-acb27c475e16,chemical/x-pdb,94940
RFantibody_deployability_assessment.md,RFantibody_deployability_assessment.md,3bca0871-d4ab-497b-82f2-e751194b94f4,5a361f02-a693-40f9-9322-5e7b36247345,text/markdown,15023
ns1_reference_patches_P1P2.csv,ns1_reference_patches_P1P2.csv,488166f4-9d44-4679-9d7f-de404e41e04f,8ed41235-f7ad-4f31-bdf0-308390b1dfa7,text/csv,223
ns1_ranked_patches.csv,ns1_ranked_patches.csv,170e110d-204c-4c45-ac38-429470e888b4,ca300437-6aaa-40e5-9a56-178f009940de,text/csv,2830
ns1_surface_curvature.csv,ns1_surface_curvature.csv,8567d0f9-2c5b-4541-9148-26c3c493e18c,4b9c42a1-b6ca-482d-976d-b4af5f4229e8,text/csv,14876
ns1_surface_diagnosis.json,ns1_surface_diagnosis.json,c366857e-838b-4e81-b123-537da2d8eb5c,5e91de07-e69b-48ff-90d7-fa0d940a7131,application/json,4346
ns1_surface_diagnosis.png,ns1_surface_diagnosis.png,71edb558-a879-41e9-90be-1c1474b8a56b,97f58e82-34a8-4666-b0d0-4d8d0531b784,image/png,244134
top50_af2_initial_guess.csv,top50_af2_initial_guess.csv,4722394c-3de8-4b58-ac73-69f28daac66f,d7ad1ea3-9de2-4403-8ef0-e29b1e30fc5d,text/csv,5747
top10_binder_sequences.fasta,top10_binder_sequences.fasta,b3ac2946-31f0-4550-a09d-7442f1c005e1,01f806c5-1080-4fec-b076-546b625281ae,text/plain,1352
top10_binder_complexes.tar.gz,top10_binder_complexes.tar.gz,c126f314-d163-4687-b371-9aaa749a3697,0e0b2e51-79b9-47f7-8980-fbef48abddd3,application/gzip,270911
P2_0_d2_complex.pdb,P2_0_d2_complex.pdb,23ea6cba-26ab-4138-9851-791c0f8b4ba3,35756af1-b800-47fa-80e3-79ca42f20583,chemical/x-pdb,112832
binder_structural_comparison.png,binder_structural_comparison.png,e6be7780-8249-40a1-a73e-689a19cbee6f,b098983a-a674-45d7-aed5-8df025a6193e,image/png,58874
top10_binders.csv,top10_binders.csv,9683d276-5381-4ebe-9592-6e94e7c4a8c8,0d5b7c60-0edf-45a9-8e57-395ff9e9103a,text/csv,717
binder_ranking_structural.csv,binder_ranking_structural.csv,894a3ca2-cf4d-49dc-9c74-290a9936f61b,6021cc83-80aa-4fd5-b2a6-ec6698272514,text/csv,25668
P1_vs_P2_comparison.png,P1_vs_P2_comparison.png,30644c8a-e6ad-4c88-8805-7bd978d83f52,77ec2cfa-81df-4d7a-9bfa-4b67c09b4cef,image/png,48962
P1_vs_P2_summary.csv,P1_vs_P2_summary.csv,92cf8dd5-a90f-4164-8393-f727b82011c1,7766a6b7-8a13-4c88-a604-f058d7508b4c,text/csv,263
P2_results.csv,P2_results.csv,bd9782c7-3e06-4d67-8d9a-07417cc89d0e,c9673de0-4866-4160-b6e5-255fed3cadf8,text/csv,14017
P1_distributions.png,P1_distributions.png,481bb366-87ec-491e-aec2-8745b06a5fdf,de5dd479-95a2-40c3-93c0-9db947431716,image/png,41783
P1_results.csv,P1_results.csv,f15abd2e-c83b-44c1-9582-12d6d4784287,37935206-116a-42ff-865f-c604d501fac1,text/csv,12011
resume_stage23.sh,resume_stage23.sh,a35bbc60-ec17-4d61-9595-cd557e7d13da,a7b8f35a-5e64-4202-b01a-7d5084e25021,text/x-sh,2979
9W22_K272_monomer.pdb,9W22_K272_monomer.pdb,71bf0b83-9b18-4a74-8574-800e9ed6e6e3,5e1cfaea-c7da-4653-a3f4-56e6ff25cfd0,chemical/x-pdb,224131
run_dengue_batch.sh,run_dengue_batch.sh,9a5aa16f-05cb-4ae7-a5f7-db1e32808b08,31f681e2-8c38-4b2b-9316-23f8a23763a6,text/x-sh,3937
execution_status_report.txt,execution_status_report.txt,bea04723-c38e-4f50-8173-7367d8735956,12586d4a-756b-4e79-b90d-7782e6d969b6,text/plain,6820
patch_selection_rationale.txt,patch_selection_rationale.txt,66b3ca3b-4c6d-4b66-9565-43491c092c0c,78619ba7-47d1-4251-9030-bf2edfca9e01,text/plain,14099
design_batch_summary.txt,design_batch_summary.txt,f260f227-d694-4dec-8b4d-58c72a2ad223,8c677459-92e4-4420-9796-53dd27dc49b1,text/plain,8662
9W22_K272.pdb,9W22_K272.pdb,705f80b7-7173-4c84-8121-e8596d8f3d49,782f0ca1-d32f-4e0e-817e-ef58803d5c88,chemical/x-pdb,477171
patch_analysis_summary.txt,patch_analysis_summary.txt,d0b012ca-fcbb-4bac-b23c-7a04d46b2397,5b848155-4591-4f84-a226-1132508ff998,text/plain,4853
pilot_msa_refold.zip,pilot_msa_refold.zip,f2741f27-2e33-4012-81a0-cc2e760edf47,8a6e15df-1fa7-4313-b0a0-3f212259a9fa,application/zip,5966104
pilot_msa_timing_cost.json,pilot_msa_timing_cost.json,a028dd6b-fc06-47ba-bf36-b23bb8aa4d31,486c62f8-c5d8-421a-9e30-7fecc343a20a,application/json,671
pilot_msa_vs_ss.png,pilot_msa_vs_ss.png,24811e73-c104-4185-9b97-c4c257f031a1,67dfe880-ff74-45ca-ac09-52ade7fda866,image/png,113420
pilot_scores_msa_vs_ss.csv,pilot_scores_msa_vs_ss.csv,feedf4e1-e8c1-464d-b59f-e366f6586e1f,93e191cc-71b9-4191-a80e-062da108a966,text/csv,1302
pilot_timing_cost.md,pilot_timing_cost.md,ad088696-25de-49ef-afa3-be438a47d94a,6f8072d2-4a00-42f8-8435-4f5a719fc046,text/markdown,1354
pilot_designs.zip,pilot_designs.zip,61af9e46-181b-4525-bafe-218a916c0afa,4bd5b3ca-49c4-4b4f-bd4e-0cd9d1459e68,application/zip,1140501
pilot_timing_cost.json,pilot_timing_cost.json,61039e10-d32c-403c-b355-5d4292ea6ef9,f31b6155-aa94-4f90-af3e-43ce1b7be2eb,application/json,589
pilot_metrics.png,pilot_metrics.png,2b3302b3-8ff4-43a1-8273-c6d3d471be25,804757b7-295a-40ac-8f43-4c70f4b926aa,image/png,93858
pilot_scores.csv,pilot_scores.csv,f8c95fca-a7dd-4754-9145-c443950edfe1,2a70bffb-b92c-45dd-8eed-755ab800232c,text/csv,1191
denv2_hexamer_built.pdb,denv2_hexamer_built.pdb,4653e5ce-d401-4c77-953a-51967c9bf71b,5d4f4e82-b85f-4a47-834c-67f4453a7642,chemical/x-pdb,1344357
hotspot_patches.json,hotspot_patches.json,027a780e-527a-49cf-a81b-efcf941e7c2a,71a38d6a-99ba-418c-8ae9-50f2840fdbc3,application/json,1955
rfdiffusion_spec.json,rfdiffusion_spec.json,55ce5214-6355-48df-8564-b258daa7cc9f,563bb2a7-8401-4387-bc72-a246a347e3ae,application/json,857
rfdiffusion_pilot.txt,rfdiffusion_pilot.txt,62d28fb5-dcde-45bb-ac9f-1d33e59927b2,f00608a4-849a-4921-8e1a-6d1414441d08,text/plain,437
target_9W22_dimer.pdb,target_9W22_dimer.pdb,11ab4bd1-539f-42e5-9cf6-7bd45708f629,600c65e2-9b70-4c06-b28c-18278214411d,chemical/x-pdb,448173
target_9W22_chainA.pdb,target_9W22_chainA.pdb,6284432d-7c8b-42d6-a290-7d41710eae8c,d3b39f9d-6dc0-4b97-bb98-af2a9356a2cd,chemical/x-pdb,224127
fig_hotspots.png,fig_hotspots.png,5633f181-c305-4330-bd3d-4c24a5778a5e,aa611973-4b5a-48d3-ba38-95163042b286,image/png,600213
af2_pae.png,af2_pae.png,24f75ca5-762e-486d-93a7-0fb05e89678e,1b2b38a1-8c87-4253-8ec7-b1b88405ab75,image/png,24076
af2_plddt.png,af2_plddt.png,fe4c5d2f-f5de-4eaa-b707-f378fc700e9f,47b0508a-f520-42fc-8a35-5250bad958fb,image/png,56320
af2_scores_rank001.json,af2_scores_rank001.json,e78224d4-a549-4127-8ab5-2e7116511c00,8c823c84-bd7e-496a-9eda-1c81b293aaf3,application/json,22708
af2_binder_rank001.pdb,af2_binder_rank001.pdb,283cd4d7-ac10-46ed-a89f-79b4d3d82014,65cb691d-04ee-453f-b1e9-1f9a8470472c,chemical/x-pdb,41067
design_2.pdb,design_2.pdb,66d8165d-8236-4ced-b894-3afc921ac2b2,9c0a9577-3a30-452b-9c77-cbb69851c134,chemical/x-pdb,57084
design_1.pdb,design_1.pdb,a9659246-0d03-4fc8-8afa-452ab6887aee,93d72793-131f-4f9a-975d-9b76b0d623a8,chemical/x-pdb,58692
design_0.pdb,design_0.pdb,b7270e7d-3302-42f3-af91-871139a5b95b,d3d5a272-7d9e-483e-a08a-daceb725dcb5,chemical/x-pdb,58156
af_in.fasta,af_in.fasta,f6abc766-ec5e-43e0-8ddc-ceeac2f505b4,030d2b35-73ab-4086-aa47-8d34afc552a1,text/plain,82
run.log,run.log,8f66b5c5-8cdd-474f-88a8-700374b9b153,bf82b77b-2ab2-4ff3-a9be-d52aec724b84,text/plain,70557
timings.txt,timings.txt,d5da93ae-e64d-489f-934f-c744116bb42b,f919757e-3bd0-4fe9-be16-17568e5ec25e,text/plain,71
conservation.json,conservation.json,a3f7cc95-007c-4202-9996-b427b0ebda01,5a3e249d-eab4-4dda-9b22-514d50b5b9b3,application/json,3566
epitope_validation.json,epitope_validation.json,b5b84391-36f9-4cfa-89fb-d43300e556e1,5e17bdfc-7b16-455a-9c4b-402a4ec79876,application/json,1786
ns1_serotypes.fasta,ns1_serotypes.fasta,d95df740-2322-4077-a51f-61d2b820168d,9c2e06b6-43b9-4eb6-b887-6eb8273879d1,text/plain,1440
ns1_aln.fasta,ns1_aln.fasta,7909106d-5fa1-4166-bfb0-f522db0e6a06,2ec2eb5c-0b1c-46f1-b6c0-c177622f55da,text/plain,1460
pdb_ns1_dengue.csv,pdb_ns1_dengue.csv,410f7c6b-848c-45ca-a2b0-5afdecf52e30,29bc51d7-7622-4db0-acfc-0f7c3c4a636c,text/csv,2456
8WBB_DENV4_NS1_dimer.cif,8WBB_DENV4_NS1_dimer.cif,6ef480e3-2b10-4460-94b8-2a2e0a1822e9,475172ad-278d-462b-b901-9a97117b32d9,chemical/x-cif,574024
8WBE_DENV4_NS1_hexamer.cif,8WBE_DENV4_NS1_hexamer.cif,54aeae2b-33dc-432e-baf4-61125bbc0bc3,5658b18b-ee57-4994-87d1-9409a89aae62,chemical/x-cif,1608184
fig_structure.png,fig_structure.png,7b0d23af-b8fe-41fc-8e4d-c0c6ab539e9d,2f99e727-f0f8-4fb5-a0b6-d81c600451f2,image/png,1241369
fig_conservation.png,fig_conservation.png,f4ce28e1-1b75-422d-869b-881f7d9f71d1,b9ae2f17-7045-440c-83be-9ca426e8d2c3,image/png,90035
